station,variable,missing_count,missing_pct,max_missing_run_rows,max_missing_run_hours,negative_count
Aotizhongxin,CO,1776,5.065023956194388,343,343,0
Aotizhongxin,DEWP,20,0.05703855806525211,6,6,14885
Aotizhongxin,NO2,1023,2.9175222450376457,343,343,0
Aotizhongxin,O3,1719,4.902464065708418,343,343,0
Aotizhongxin,PM10,718,2.0476842345425506,343,343,0
Aotizhongxin,PM2.5,925,2.63803331051791,343,343,0
Aotizhongxin,PRES,20,0.05703855806525211,6,6,0
Aotizhongxin,RAIN,20,0.05703855806525211,6,6,0
Aotizhongxin,SO2,935,2.666552589550536,343,343,0
Aotizhongxin,TEMP,20,0.05703855806525211,6,6,5308
Aotizhongxin,WSPM,14,0.03992699064567648,5,5,0
Aotizhongxin,wd,81,0.23100616016427106,5,5,0
Changping,CO,1521,4.3377823408624225,175,175,0
Changping,DEWP,53,0.1511521788729181,6,6,16287
Changping,NO2,667,1.9022359114761578,64,64,0
Changping,O3,604,1.7225644535706137,64,64,0
Changping,PM10,582,1.6598220396988363,144,144,0
Changping,PM2.5,774,2.2073921971252566,167,167,0
Changping,PRES,50,0.14259639516313027,6,6,0
Changping,RAIN,51,0.14544832306639288,6,6,0
Changping,SO2,628,1.791010723248916,64,64,0
Changping,TEMP,53,0.1511521788729181,6,6,5115
Changping,WSPM,43,0.12263289984029203,5,5,0
Changping,wd,140,0.3992699064567648,5,5,0
Dingling,CO,2012,5.738078941364362,1051,1051,0
Dingling,DEWP,53,0.1511521788729181,6,6,16287
Dingling,NO2,1234,3.5192790326260557,44,44,0
Dingling,O3,1214,3.462240474560803,262,262,0
Dingling,PM10,656,1.8708647045402693,43,43,0
Dingling,PM2.5,779,2.22165183664157,72,72,0
Dingling,PRES,50,0.14259639516313027,6,6,0
Dingling,RAIN,51,0.14544832306639288,6,6,0
Dingling,SO2,730,2.0819073693817023,48,48,0
Dingling,TEMP,53,0.1511521788729181,6,6,5115
Dingling,WSPM,43,0.12263289984029203,5,5,0
Dingling,wd,140,0.3992699064567648,5,5,0
Dongsi,CO,3197,9.11761350673055,1517,1517,0
Dongsi,DEWP,20,0.05703855806525211,6,6,15475
Dongsi,NO2,1601,4.565936573123432,900,900,0
Dongsi,O3,664,1.8936801277663702,57,57,0
Dongsi,PM10,553,1.577116130504221,57,57,0
Dongsi,PM2.5,750,2.138945927446954,58,58,0
Dongsi,PRES,20,0.05703855806525211,6,6,0
Dongsi,RAIN,20,0.05703855806525211,6,6,0
Dongsi,SO2,663,1.8908281998631076,57,57,0
Dongsi,TEMP,20,0.05703855806525211,6,6,5222
Dongsi,WSPM,14,0.03992699064567648,5,5,0
Dongsi,wd,78,0.22245037645448323,5,5,0
Guanyuan,CO,1753,4.9994296144193475,441,441,0
Guanyuan,DEWP,20,0.05703855806525211,6,6,14885
Guanyuan,NO2,659,1.8794204882500571,103,103,0
Guanyuan,O3,1173,3.3453114305270364,103,103,0
Guanyuan,PM10,429,1.2234770704996578,44,44,0
Guanyuan,PM2.5,616,1.756787588409765,71,71,0
Guanyuan,PRES,20,0.05703855806525211,6,6,0
Guanyuan,RAIN,20,0.05703855806525211,6,6,0
Guanyuan,SO2,474,1.351813826146475,103,103,0
Guanyuan,TEMP,20,0.05703855806525211,6,6,5308
Guanyuan,WSPM,14,0.03992699064567648,5,5,0
Guanyuan,wd,81,0.23100616016427106,5,5,0
Gucheng,CO,1401,3.99555099247091,349,349,0
Gucheng,DEWP,51,0.14544832306639288,7,7,15362
Gucheng,NO2,668,1.9050878393794206,66,66,0
Gucheng,O3,729,2.0790554414784395,260,260,0
Gucheng,PM10,381,1.0865845311430526,25,25,0
Gucheng,PM2.5,646,1.842345425507643,54,54,0
Gucheng,PRES,50,0.14259639516313027,7,7,0
Gucheng,RAIN,43,0.12263289984029203,6,6,0
Gucheng,SO2,507,1.445927446954141,61,61,0
Gucheng,TEMP,51,0.14544832306639288,7,7,4887
Gucheng,WSPM,42,0.11978097193702943,5,5,0
Gucheng,wd,159,0.4534565366187543,7,7,0
Huairou,CO,1422,4.055441478439425,211,211,0
Huairou,DEWP,53,0.1511521788729181,6,6,15770
Huairou,NO2,1639,4.674309833447411,207,207,0
Huairou,O3,1151,3.282569016655259,207,207,0
Huairou,PM10,777,2.2159479808350446,208,208,0
Huairou,PM2.5,953,2.717887291809263,208,208,0
Huairou,PRES,53,0.1511521788729181,6,6,0
Huairou,RAIN,55,0.1568560346794433,6,6,0
Huairou,SO2,980,2.7948893451973533,207,207,0
Huairou,TEMP,51,0.14544832306639288,6,6,6684
Huairou,WSPM,49,0.13974446725986767,5,5,0
Huairou,wd,302,0.8612822267853069,13,13,0
Nongzhanguan,CO,1206,3.4394250513347027,147,147,0
Nongzhanguan,DEWP,20,0.05703855806525211,6,6,15475
Nongzhanguan,NO2,692,1.973534109057723,55,55,0
Nongzhanguan,O3,506,1.4430755190508784,55,55,0
Nongzhanguan,PM10,440,1.2548482774355465,55,55,0
Nongzhanguan,PM2.5,628,1.791010723248916,56,56,0
Nongzhanguan,PRES,20,0.05703855806525211,6,6,0
Nongzhanguan,RAIN,20,0.05703855806525211,6,6,0
Nongzhanguan,SO2,446,1.2719598448551221,55,55,0
Nongzhanguan,TEMP,20,0.05703855806525211,6,6,5222
Nongzhanguan,WSPM,14,0.03992699064567648,5,5,0
Nongzhanguan,wd,78,0.22245037645448323,5,5,0
Shunyi,CO,2178,6.211498973305955,749,749,0
Shunyi,DEWP,54,0.1540041067761807,6,6,15486
Shunyi,NO2,1365,3.892881587953457,423,423,0
Shunyi,O3,1489,4.246520647958019,497,497,0
Shunyi,PM10,548,1.562856490987908,38,38,0
Shunyi,PM2.5,913,2.603810175678759,197,197,0
Shunyi,PRES,51,0.14544832306639288,6,6,0
Shunyi,RAIN,51,0.14544832306639288,6,6,0
Shunyi,SO2,1296,3.696098562628337,95,95,0
Shunyi,TEMP,51,0.14544832306639288,6,6,5679
Shunyi,WSPM,44,0.12548482774355463,5,5,0
Shunyi,wd,483,1.3774811772758384,6,6,0
Tiantan,CO,1126,3.2112708190736936,93,93,0
Tiantan,DEWP,20,0.05703855806525211,6,6,15475
Tiantan,NO2,744,2.121834360027379,93,93,0
Tiantan,O3,843,2.4041752224503767,93,93,0
Tiantan,PM10,597,1.7026009582477755,24,24,0
Tiantan,PM2.5,677,1.930755190508784,24,24,0
Tiantan,PRES,20,0.05703855806525211,6,6,0
Tiantan,RAIN,20,0.05703855806525211,6,6,0
Tiantan,SO2,1118,3.1884553958475927,457,457,0
Tiantan,TEMP,20,0.05703855806525211,6,6,5222
Tiantan,WSPM,14,0.03992699064567648,5,5,0
Tiantan,wd,78,0.22245037645448323,5,5,0
Wanliu,CO,1812,5.167693360711842,642,642,0
Wanliu,DEWP,20,0.05703855806525211,6,6,14742
Wanliu,NO2,1070,3.051562856490988,548,548,0
Wanliu,O3,2107,6.009012092174309,429,429,0
Wanliu,PM10,284,0.8099475245265799,23,23,0
Wanliu,PM2.5,382,1.0894364590463153,23,23,0
Wanliu,PRES,20,0.05703855806525211,6,6,0
Wanliu,RAIN,20,0.05703855806525211,6,6,0
Wanliu,SO2,575,1.639858544375998,25,25,0
Wanliu,TEMP,20,0.05703855806525211,6,6,5415
Wanliu,WSPM,14,0.03992699064567648,5,5,0
Wanliu,wd,123,0.35078713210130047,5,5,0
Wanshouxigong,CO,1297,3.6989504905315993,93,93,0
Wanshouxigong,DEWP,19,0.054186630161989505,6,6,15264
Wanshouxigong,NO2,754,2.1503536390600044,93,93,0
Wanshouxigong,O3,1078,3.074378279717089,93,93,0
Wanshouxigong,PM10,484,1.380333105179101,43,43,0
Wanshouxigong,PM2.5,696,1.9849418206707734,43,43,0
Wanshouxigong,PRES,19,0.054186630161989505,6,6,0
Wanshouxigong,RAIN,19,0.054186630161989505,6,6,0
Wanshouxigong,SO2,669,1.907939767282683,93,93,0
Wanshouxigong,TEMP,19,0.054186630161989505,6,6,5072
Wanshouxigong,WSPM,13,0.03707506274241387,5,5,0
Wanshouxigong,wd,79,0.22530230435774584,5,5,0
