station,rows,start,end,duplicate_timestamps,sorted_non_hourly_steps,forward_gaps_gt_1h,original_backward_steps,original_zero_steps,original_non_hourly_steps,target_missing,target_missing_pct,pm25_complete_history_windows,all_numeric_complete_history_windows,mirror_blob_sha
Aotizhongxin,35064,2013-03-01T00:00:00.000Z,2017-02-28T23:00:00.000Z,0,0,0,0,0,0,925,2.638033,30062,17930,0700f9fb0628f1811960c35413a5fd3bc5b33c8e
Changping,35064,2013-03-01T00:00:00.000Z,2017-02-28T23:00:00.000Z,0,0,0,0,0,0,774,2.207392,30242,23987,4066b249a56648b65cd357d170453b0f3d6bcb68
Dingling,35064,2013-03-01T00:00:00.000Z,2017-02-28T23:00:00.000Z,0,0,0,0,0,0,779,2.221652,30370,19806,1270180a2c4171f181db7c56c314899ec26e88ef
Dongsi,35064,2013-03-01T00:00:00.000Z,2017-02-28T23:00:00.000Z,0,0,0,0,0,0,750,2.138946,30114,22790,6572efa02df40c49fbda948361884c27665dd32f
Guanyuan,35064,2013-03-01T00:00:00.000Z,2017-02-28T23:00:00.000Z,0,0,0,0,0,0,616,1.756788,30527,23890,258cc59dd718afcc40b28893543cf481c0bf892c
Gucheng,35064,2013-03-01T00:00:00.000Z,2017-02-28T23:00:00.000Z,0,0,0,0,0,0,646,1.842345,30151,23813,7630466d93534c2068787e3d43b15f21e0fa463d
Huairou,35064,2013-03-01T00:00:00.000Z,2017-02-28T23:00:00.000Z,0,0,0,0,0,0,953,2.717887,29215,16761,609c8db566e7afc81708bc1250e3c2a907ccddf8
Nongzhanguan,35064,2013-03-01T00:00:00.000Z,2017-02-28T23:00:00.000Z,0,0,0,0,0,0,628,1.791011,30026,24498,b14931b9d73a4c0a07240345f923615c8ae7ed1b
Shunyi,35064,2013-03-01T00:00:00.000Z,2017-02-28T23:00:00.000Z,0,0,0,0,0,0,913,2.603810,28900,14337,ff0130996ed30cd905073d461e897f9022ae68ab
Tiantan,35064,2013-03-01T00:00:00.000Z,2017-02-28T23:00:00.000Z,0,0,0,0,0,0,677,1.930755,30024,23910,2dadff7aa1734134b9ad638162db0b7a5d81b571
Wanliu,35064,2013-03-01T00:00:00.000Z,2017-02-28T23:00:00.000Z,0,0,0,0,0,0,382,1.089436,31172,14358,1b1254aff7c2432b16557351e0f662dcf6e3d00b
Wanshouxigong,35064,2013-03-01T00:00:00.000Z,2017-02-28T23:00:00.000Z,0,0,0,0,0,0,696,1.984942,30180,24133,a0fd909273e9e41dbf55821c7ac7f911a6516787
