file,station,rows,columns,start,end,target_observed,target_missing,target_missing_pct,pm25_complete_history_windows,all_numeric_complete_history_windows,extra_columns,original_non_hourly_steps,original_backward_steps,original_zero_steps,duplicate_timestamps,sorted_non_hourly_steps,forward_gaps_gt_1h
PRSA_Data_Aotizhongxin_20130301-20170228.csv,Aotizhongxin,35064,18,2013-03-01T00:00:00,2017-02-28T23:00:00,34139,925,2.63803331051791,30062,17930,[],0,0,0,0,0,0
PRSA_Data_Changping_20130301-20170228.csv,Changping,35064,18,2013-03-01T00:00:00,2017-02-28T23:00:00,34290,774,2.2073921971252566,30242,23987,[],0,0,0,0,0,0
PRSA_Data_Dingling_20130301-20170228.csv,Dingling,35064,18,2013-03-01T00:00:00,2017-02-28T23:00:00,34285,779,2.22165183664157,30370,19806,[],0,0,0,0,0,0
PRSA_Data_Dongsi_20130301-20170228.csv,Dongsi,35064,18,2013-03-01T00:00:00,2017-02-28T23:00:00,34314,750,2.138945927446954,30114,22790,[],0,0,0,0,0,0
PRSA_Data_Guanyuan_20130301-20170228.csv,Guanyuan,35064,18,2013-03-01T00:00:00,2017-02-28T23:00:00,34448,616,1.756787588409765,30527,23890,[],0,0,0,0,0,0
PRSA_Data_Gucheng_20130301-20170228.csv,Gucheng,35064,18,2013-03-01T00:00:00,2017-02-28T23:00:00,34418,646,1.842345425507643,30151,23813,[],0,0,0,0,0,0
PRSA_Data_Huairou_20130301-20170228.csv,Huairou,35064,18,2013-03-01T00:00:00,2017-02-28T23:00:00,34111,953,2.717887291809263,29215,16761,[],0,0,0,0,0,0
PRSA_Data_Nongzhanguan_20130301-20170228.csv,Nongzhanguan,35064,18,2013-03-01T00:00:00,2017-02-28T23:00:00,34436,628,1.791010723248916,30026,24498,[],0,0,0,0,0,0
PRSA_Data_Shunyi_20130301-20170228.csv,Shunyi,35064,18,2013-03-01T00:00:00,2017-02-28T23:00:00,34151,913,2.603810175678759,28900,14337,[],0,0,0,0,0,0
PRSA_Data_Tiantan_20130301-20170228.csv,Tiantan,35064,18,2013-03-01T00:00:00,2017-02-28T23:00:00,34387,677,1.930755190508784,30024,23910,[],0,0,0,0,0,0
PRSA_Data_Wanliu_20130301-20170228.csv,Wanliu,35064,18,2013-03-01T00:00:00,2017-02-28T23:00:00,34682,382,1.0894364590463153,31172,14358,[],0,0,0,0,0,0
PRSA_Data_Wanshouxigong_20130301-20170228.csv,Wanshouxigong,35064,18,2013-03-01T00:00:00,2017-02-28T23:00:00,34368,696,1.9849418206707732,30180,24133,[],0,0,0,0,0,0
